{
  "total_frames": 2488,
  "accepted_frames": 2488,
  "skipped_frames": 0,
  "icp_fallback_count": 0,
  "local_lc_attempts": 415,
  "local_lc_accepted": 415,
  "orb_lc_attempts": 416,
  "orb_lc_accepted": 405,
  "fpfh_lc_attempts": 84,
  "fpfh_lc_accepted": 83,
  "head_tail_closure_fired": true,
  "icp_fitness_values": [
    0.9987724036336852,
    0.9993862018168426,
    0.9946701409451617,
    0.9861423664574204,
    0.8062226249811206,
    0.8199667723908776,
    0.9424823410696267,
    0.9394550958627649,
    0.9485108531044927,
    0.9878849066128218,
    0.8507135016465422,
    0.8548847420417124,
    0.8567438148443735,
    0.9024341580207502,
    0.969582504970179,
    0.9369781312127237,
    0.9768021173906274,
    0.9766464269033162,
    0.8729081863410222,
    0.8356701341775968,
    0.9314583721363382,
    0.9221456509592103,
    0.8462055070517126,
    0.8502350570852921,
    0.6642316723193321,
    0.6746673623793373,
    0.8999144568006844,
    0.9347020245223838,
    1.0,
    1.0,
    1.0,
    0.9989429175475687,
    0.7357001972386588,
    0.7785714285714286,
    0.7683928571428571,
    0.8579684088866059,
    0.852061127520226,
    0.8164502164502164,
    0.8551638837353123,
    0.7530429212043562,
    0.8720371556694426,
    0.8478594950603732,
    0.8834248079034028,
    0.9369641956631367,
    0.9009077155824509,
    0.864,
    0.8687407407407407,
    0.9361927455652634,
    0.9708763568970082,
    0.9790650406504066,
    0.9085365853658537,
    0.9689250225835592,
    0.9714543812104788,
    0.9787461773700306,
    0.9813455657492355,
    0.9434043161354866,
    0.9221094754894955,
    0.9549379384781436,
    0.9610091743119266,
    0.9808739355018847,
    0.976685746195728,
    0.8683853459972863,
    0.8937132519222072,
    0.9527986633249791,
    0.9477861319966583,
    1.0,
    1.0,
    0.9835564053537285,
    0.9862332695984704,
    0.7635561160151324,
    0.7657629255989912,
    0.852627710400588,
    0.7938257993384785,
    0.8517344896597732,
    0.867244829886591,
    0.9317484662576687,
    0.943558282208589,
    0.9944413563090606,
    0.8124884194923105,
    0.9967395473724587,
    0.9967395473724587,
    0.9409124906507106,
    0.9710795312889554,
    0.7896067415730337,
    0.9856741573033708,
    0.9777524244152881,
    0.9806046776953794
  ],
  "mean_icp_fitness": 0.90866,
  "total_runtime_seconds": 497.058,
  "config": {
    "JETSON_CORES": 6,
    "JETSON_RAM_LIMIT_MB": 5500,
    "JETSON_RAM_WARN_MB": 4000,
    "WIDTH": 640,
    "HEIGHT": 480,
    "FX": 535.4,
    "FY": 539.2,
    "CX": 320.1,
    "CY": 247.6,
    "ODO_SCALE": 0.5,
    "DEPTH_SCALE": 5000.0,
    "MAX_DEPTH": 5.0,
    "MIN_DEPTH": 0.1,
    "MAX_DEPTH_DIFF": 0.07,
    "MAX_VELOCITY": 1.0,
    "MAX_ANGULAR_VEL": 3.0,
    "MAX_CONSECUTIVE_SKIP": 8,
    "LC_STRIDE": 6,
    "LC_GAPS": [
      3
    ],
    "GLC_MIN_INTERVAL": 20,
    "GLC_ORB_FEATURES": 500,
    "GLC_MATCH_RATIO": 0.8,
    "GLC_MIN_MATCHES": 15,
    "GLC_MIN_INLIERS": 8,
    "GLC_RANSAC_THRESH": 4.0,
    "GLC_QUERY_STRIDE": 12,
    "GLC_MAX_CANDIDATES": 2,
    "GLC_MAX_TRANSLATION": 2.0,
    "GLC_MAX_ROTATION": 1.5,
    "GLC_ORB_PRESCREEN_K": 20,
    "GLC_FAST_ONLY_ODO": true,
    "GLC_ICP_FITNESS_MIN": 0.15,
    "GLC_HEAD_TAIL_N": 6,
    "DEPTH_ICP_FALLBACK": true,
    "ICP_SEQ_VOXELS": [
      [
        0.05,
        0.15,
        20
      ],
      [
        0.03,
        0.08,
        15
      ]
    ],
    "ICP_SEQ_FITNESS_MIN": 0.3,
    "GLC_FPFH_ENABLED": true,
    "GLC_FPFH_VOXEL": 0.1,
    "GLC_FPFH_RADIUS_NORMAL": 0.2,
    "GLC_FPFH_RADIUS_FEAT": 0.4,
    "GLC_FPFH_QUERY_STRIDE": 30,
    "GLC_FPFH_RANSAC_DIST": 0.06,
    "GLC_FPFH_FITNESS_MIN": 0.2,
    "GLC_FPFH_MAX_CANDIDATES": 2,
    "GLC_FPFH_SPATIAL_MAX_DIST": 2.5,
    "GLC_FPFH_SPATIAL_TOPK": 20,
    "GLC_FPFH_SKIP_ODO_REFINE": true,
    "GLC_FPFH_ORB_BACKFILL_ONLY": true,
    "IO_WORKERS": 3,
    "ODO_WORKERS": 2,
    "FPFH_WORKERS": 2,
    "GLC_WORKERS": 2,
    "RGBD_CACHE_SIZE": 50,
    "PCD_CACHE_SIZE": 40,
    "PCD_LEVEL_CACHE_SIZE": 80,
    "PNP_DEPTH_CACHE_SIZE": 15,
    "VERBOSE_GLOBAL_EDGE_LOG": false,
    "GLOBAL_EDGE_LOG_LIMIT": 120
  }
}