{
  "total_frames": 742,
  "accepted_frames": 740,
  "skipped_frames": 2,
  "icp_fallback_count": 0,
  "local_lc_attempts": 123,
  "local_lc_accepted": 123,
  "orb_lc_attempts": 97,
  "orb_lc_accepted": 88,
  "fpfh_lc_attempts": 32,
  "fpfh_lc_accepted": 22,
  "head_tail_closure_fired": true,
  "icp_fitness_values": [
    0.4216643996537653,
    0.9114628415976258,
    0.917124227865477,
    0.8982498284145505,
    0.8797066983749504,
    0.8830757035275466,
    0.5336236090953073,
    0.8618556701030928,
    0.6621502209131075,
    0.9042133979993937,
    0.9533191876326159,
    0.9524306279991654,
    0.9787189651575214,
    0.8927892097527235,
    0.6555306007860753,
    0.6367209432902864,
    0.6626360338573156,
    0.7058645707376058,
    0.9910261412407335,
    0.999219664455716,
    0.6752721617418351,
    0.6595645412130637,
    0.966992253283934,
    0.8891882788817784,
    0.6764614427860697,
    0.6442786069651741,
    0.44254684131984745,
    0.5113579837506218
  ],
  "mean_icp_fitness": 0.777394,
  "total_runtime_seconds": 160.476,
  "config": {
    "JETSON_CORES": 6,
    "JETSON_RAM_LIMIT_MB": 5500,
    "JETSON_RAM_WARN_MB": 4000,
    "WIDTH": 1280,
    "HEIGHT": 720,
    "FX": 613.584,
    "FY": 613.542,
    "CX": 644.171,
    "CY": 355.251,
    "ODO_SCALE": 0.25,
    "DEPTH_SCALE": 1000.0,
    "MAX_DEPTH": 3.0,
    "MIN_DEPTH": 0.1,
    "MAX_DEPTH_DIFF": 0.07,
    "MAX_VELOCITY": 0.5,
    "MAX_ANGULAR_VEL": 2.5,
    "MAX_CONSECUTIVE_SKIP": 8,
    "LC_STRIDE": 6,
    "LC_GAPS": [
      3
    ],
    "GLC_MIN_INTERVAL": 20,
    "GLC_ORB_FEATURES": 500,
    "GLC_MATCH_RATIO": 0.8,
    "GLC_MIN_MATCHES": 15,
    "GLC_MIN_INLIERS": 8,
    "GLC_RANSAC_THRESH": 4.0,
    "GLC_QUERY_STRIDE": 12,
    "GLC_MAX_CANDIDATES": 2,
    "GLC_MAX_TRANSLATION": 2.0,
    "GLC_MAX_ROTATION": 1.5,
    "GLC_ORB_PRESCREEN_K": 20,
    "GLC_FAST_ONLY_ODO": true,
    "GLC_ICP_FITNESS_MIN": 0.15,
    "GLC_HEAD_TAIL_N": 6,
    "DEPTH_ICP_FALLBACK": true,
    "ICP_SEQ_VOXELS": [
      [
        0.05,
        0.15,
        20
      ],
      [
        0.03,
        0.08,
        15
      ]
    ],
    "ICP_SEQ_FITNESS_MIN": 0.3,
    "GLC_FPFH_ENABLED": true,
    "GLC_FPFH_VOXEL": 0.1,
    "GLC_FPFH_RADIUS_NORMAL": 0.2,
    "GLC_FPFH_RADIUS_FEAT": 0.4,
    "GLC_FPFH_QUERY_STRIDE": 30,
    "GLC_FPFH_RANSAC_DIST": 0.06,
    "GLC_FPFH_FITNESS_MIN": 0.2,
    "GLC_FPFH_MAX_CANDIDATES": 2,
    "GLC_FPFH_SPATIAL_MAX_DIST": 2.5,
    "GLC_FPFH_SPATIAL_TOPK": 20,
    "GLC_FPFH_SKIP_ODO_REFINE": true,
    "GLC_FPFH_ORB_BACKFILL_ONLY": true,
    "IO_WORKERS": 3,
    "ODO_WORKERS": 2,
    "FPFH_WORKERS": 2,
    "GLC_WORKERS": 2,
    "RGBD_CACHE_SIZE": 50,
    "PCD_CACHE_SIZE": 40,
    "PCD_LEVEL_CACHE_SIZE": 80,
    "PNP_DEPTH_CACHE_SIZE": 15,
    "VERBOSE_GLOBAL_EDGE_LOG": false,
    "GLOBAL_EDGE_LOG_LIMIT": 120
  }
}